{"initial_reset_timestamp": 1522272911.7891011, "timestamps": [1522272912.3555021, 1522272912.485058, 1522272912.589899, 1522272912.7596002, 1522272912.908077, 1522272913.06807, 1522272913.168493, 1522272913.280215, 1522272913.459317, 1522272913.541582], "episode_lengths": [268, 235, 208, 337, 307, 168, 169, 239, 377, 174], "episode_rewards": [2.0, 1.0, 1.0, 3.0, 2.0, 0.0, 0.0, 1.0, 3.0, 0.0], "episode_types": ["t", "t", "t", "t", "t", "t", "t", "t", "t", "t"]}